<?xml version="1.0" encoding="UTF-8"?>
<project-private xmlns="http://www.netbeans.org/ns/project-private/1">
    <editor-bookmarks xmlns="http://www.netbeans.org/ns/editor-bookmarks/2" lastBookmarkId="0"/>
    <open-files xmlns="http://www.netbeans.org/ns/projectui-open-files/2">
        <group>
            <file>file:/C:/Users/Axel%20Carballo/OneDrive/Documentos/NetBeansProjects/GestorAlumnos/src/IGU/AlumnoIGU.java</file>
            <file>file:/C:/Users/Axel%20Carballo/OneDrive/Documentos/NetBeansProjects/GestorAlumnos/src/Modelos/Alumno.java</file>
            <file>file:/C:/Users/Axel%20Carballo/OneDrive/Documentos/NetBeansProjects/GestorAlumnos/src/Main.java</file>
        </group>
    </open-files>
</project-private>
